X,CH2,Start,Increment,
Sequence,Volt,-6.9999998435e-002,9.9999997474e-005,
0,5.920e-002,
1,-5.920e-002,
2,5.920e-002,
3,-5.920e-002,
4,0.000e000,
5,-1.184e-001,
6,-5.920e-002,
7,-1.776e-001,
8,-1.184e-001,
9,-2.368e-001,
10,-1.184e-001,
11,-2.960e-001,
12,-1.776e-001,
13,-2.960e-001,
14,-2.368e-001,
15,-3.552e-001,
16,-2.960e-001,
17,-4.144e-001,
18,-3.552e-001,
19,-5.328e-001,
20,-4.736e-001,
21,-7.104e-001,
22,-5.920e-001,
23,-8.880e-001,
24,-8.288e-001,
25,-1.243e000,
26,-1.124e000,
27,-1.480e000,
28,-1.420e000,
29,-1.716e000,
30,-1.657e000,
31,-1.953e000,
32,-1.894e000,
33,-2.190e000,
34,-2.072e000,
35,-2.368e000,
36,-2.249e000,
37,-2.545e000,
38,-2.427e000,
39,-2.664e000,
40,-2.545e000,
41,-2.782e000,
42,-2.723e000,
43,-2.900e000,
44,-2.841e000,
45,-3.078e000,
46,-3.019e000,
47,-3.256e000,
48,-3.137e000,
49,-3.374e000,
50,-3.315e000,
51,-3.492e000,
52,-3.433e000,
53,-3.552e000,
54,-3.492e000,
55,-3.611e000,
56,-3.552e000,
57,-3.492e000,
58,-3.552e000,
59,-3.492e000,
60,-3.552e000,
61,-3.433e000,
62,-3.552e000,
63,-3.433e000,
64,-3.433e000,
65,-3.552e000,
66,-3.433e000,
67,-3.492e000,
68,-3.492e000,
69,-3.433e000,
70,-3.492e000,
71,-3.433e000,
72,-3.433e000,
73,-3.552e000,
74,-3.433e000,
75,-3.552e000,
76,-3.552e000,
77,-3.492e000,
78,-3.492e000,
79,-3.611e000,
80,-3.492e000,
81,-3.670e000,
82,-3.552e000,
83,-3.670e000,
84,-3.611e000,
85,-3.729e000,
86,-3.670e000,
87,-3.848e000,
88,-3.729e000,
89,-3.848e000,
90,-3.788e000,
91,-3.907e000,
92,-3.848e000,
93,-3.966e000,
94,-3.848e000,
95,-4.025e000,
96,-3.907e000,
97,-4.084e000,
98,-4.025e000,
99,-4.203e000,
100,-4.144e000,
101,-4.321e000,
102,-4.262e000,
103,-4.499e000,
104,-4.380e000,
105,-4.676e000,
106,-4.558e000,
107,-4.795e000,
108,-4.736e000,
109,-4.913e000,
110,-4.854e000,
111,-4.972e000,
112,-4.913e000,
113,-5.032e000,
114,-4.972e000,
115,-5.091e000,
116,-4.972e000,
117,-5.091e000,
118,-5.032e000,
119,-4.913e000,
120,-4.972e000,
121,-4.854e000,
122,-4.913e000,
123,-4.736e000,
124,-4.854e000,
125,-4.676e000,
126,-4.736e000,
127,-4.558e000,
128,-4.617e000,
129,-4.440e000,
130,-4.499e000,
131,-4.321e000,
132,-4.440e000,
133,-4.262e000,
134,-4.321e000,
135,-4.144e000,
136,-4.262e000,
137,-4.084e000,
138,-4.203e000,
139,-4.025e000,
140,-4.144e000,
141,-3.966e000,
142,-4.025e000,
143,-3.907e000,
144,-3.966e000,
145,-3.848e000,
146,-3.907e000,
147,-3.729e000,
148,-3.848e000,
149,-3.729e000,
150,-3.788e000,
151,-3.670e000,
152,-3.729e000,
153,-3.611e000,
154,-3.729e000,
155,-3.611e000,
156,-3.670e000,
157,-3.552e000,
158,-3.611e000,
159,-3.492e000,
160,-3.611e000,
161,-3.492e000,
162,-3.492e000,
163,-3.611e000,
164,-3.492e000,
165,-3.611e000,
166,-3.492e000,
167,-3.611e000,
168,-3.611e000,
169,-3.492e000,
170,-3.611e000,
171,-3.492e000,
172,-3.492e000,
173,-3.611e000,
174,-3.492e000,
175,-3.611e000,
176,-3.552e000,
177,-3.433e000,
178,-3.552e000,
179,-3.374e000,
180,-3.492e000,
181,-3.256e000,
182,-3.315e000,
183,-3.137e000,
184,-3.196e000,
185,-2.960e000,
186,-3.019e000,
187,-2.782e000,
188,-2.841e000,
189,-2.664e000,
190,-2.723e000,
191,-2.486e000,
192,-2.545e000,
193,-2.308e000,
194,-2.368e000,
195,-2.131e000,
196,-2.190e000,
197,-1.894e000,
198,-2.012e000,
199,-1.657e000,
200,-1.776e000,
201,-1.420e000,
202,-1.480e000,
203,-1.124e000,
204,-1.184e000,
205,-8.880e-001,
206,-9.472e-001,
207,-7.104e-001,
208,-7.695e-001,
209,-5.920e-001,
210,-6.512e-001,
211,-4.736e-001,
212,-5.920e-001,
213,-4.144e-001,
214,-4.736e-001,
215,-3.552e-001,
216,-4.144e-001,
217,-2.960e-001,
218,-3.552e-001,
219,-2.368e-001,
220,-2.960e-001,
221,-1.776e-001,
222,-2.368e-001,
223,-1.184e-001,
224,-1.776e-001,
225,-5.920e-002,
226,-1.184e-001,
227,0.000e000,
228,-5.920e-002,
229,5.920e-002,
230,0.000e000,
231,1.184e-001,
232,5.920e-002,
233,1.776e-001,
234,1.184e-001,
235,2.368e-001,
236,1.776e-001,
237,2.960e-001,
238,2.368e-001,
239,3.552e-001,
240,2.960e-001,
241,4.144e-001,
242,2.960e-001,
243,4.736e-001,
244,3.552e-001,
245,5.328e-001,
246,4.144e-001,
247,5.920e-001,
248,4.736e-001,
249,6.512e-001,
250,5.328e-001,
251,7.104e-001,
252,6.512e-001,
253,8.288e-001,
254,7.695e-001,
255,1.006e000,
256,9.472e-001,
257,1.302e000,
258,1.184e000,
259,1.539e000,
260,1.480e000,
261,1.835e000,
262,1.776e000,
263,2.072e000,
264,2.012e000,
265,2.308e000,
266,2.190e000,
267,2.486e000,
268,2.427e000,
269,2.664e000,
270,2.545e000,
271,2.782e000,
272,2.723e000,
273,2.900e000,
274,2.841e000,
275,3.019e000,
276,2.960e000,
277,3.196e000,
278,3.078e000,
279,3.315e000,
280,3.256e000,
281,3.492e000,
282,3.374e000,
283,3.611e000,
284,3.552e000,
285,3.670e000,
286,3.611e000,
287,3.729e000,
288,3.729e000,
289,3.611e000,
290,3.611e000,
291,3.729e000,
292,3.611e000,
293,3.729e000,
294,3.611e000,
295,3.670e000,
296,3.611e000,
297,3.670e000,
298,3.670e000,
299,3.552e000,
300,3.552e000,
301,3.670e000,
302,3.552e000,
303,3.670e000,
304,3.552e000,
305,3.670e000,
306,3.552e000,
307,3.670e000,
308,3.670e000,
309,3.552e000,
310,3.611e000,
311,3.670e000,
312,3.611e000,
313,3.670e000,
314,3.611e000,
315,3.729e000,
316,3.729e000,
317,3.611e000,
318,3.670e000,
319,3.788e000,
320,3.729e000,
321,3.848e000,
322,3.729e000,
323,3.907e000,
324,3.788e000,
325,3.907e000,
326,3.848e000,
327,3.966e000,
328,3.848e000,
329,3.966e000,
330,3.907e000,
331,4.025e000,
332,3.966e000,
333,4.144e000,
334,4.025e000,
335,4.262e000,
336,4.144e000,
337,4.380e000,
338,4.262e000,
339,4.499e000,
340,4.380e000,
341,4.617e000,
342,4.499e000,
343,4.676e000,
344,4.617e000,
345,4.795e000,
346,4.676e000,
347,4.795e000,
348,4.736e000,
349,4.854e000,
350,4.736e000,
351,4.854e000,
352,4.854e000,
353,4.736e000,
354,4.795e000,
355,4.676e000,
356,4.795e000,
357,4.617e000,
358,4.676e000,
359,4.558e000,
360,4.617e000,
361,4.440e000,
362,4.558e000,
363,4.380e000,
364,4.440e000,
365,4.262e000,
366,4.321e000,
367,4.203e000,
368,4.262e000,
369,4.084e000,
370,4.203e000,
371,4.025e000,
372,4.144e000,
373,3.966e000,
374,4.025e000,
375,3.907e000,
376,3.966e000,
377,3.848e000,
378,3.966e000,
379,3.788e000,
380,3.907e000,
381,3.729e000,
382,3.848e000,
383,3.670e000,
384,3.729e000,
385,3.611e000,
386,3.611e000,
387,3.729e000,
388,3.670e000,
389,3.552e000,
390,3.552e000,
391,3.670e000,
392,3.611e000,
393,3.492e000,
394,3.611e000,
395,3.433e000,
396,3.552e000,
397,3.433e000,
398,3.433e000,
399,3.492e000,
400,3.492e000,
401,3.374e000,
402,3.492e000,
403,3.374e000,
404,3.433e000,
405,3.552e000,
406,3.433e000,
407,3.552e000,
408,3.433e000,
409,3.552e000,
410,3.433e000,
411,3.552e000,
412,3.433e000,
413,3.552e000,
414,3.433e000,
415,3.492e000,
416,3.492e000,
417,3.374e000,
418,3.492e000,
419,3.374e000,
420,3.433e000,
421,3.256e000,
422,3.374e000,
423,3.196e000,
424,3.256e000,
425,3.019e000,
426,3.137e000,
427,2.900e000,
428,2.960e000,
429,2.782e000,
430,2.841e000,
431,2.664e000,
432,2.723e000,
433,2.545e000,
434,2.604e000,
435,2.368e000,
436,2.486e000,
437,2.249e000,
438,2.308e000,
439,2.072e000,
440,2.131e000,
441,1.835e000,
442,1.953e000,
443,1.657e000,
444,1.716e000,
445,1.420e000,
446,1.480e000,
447,1.184e000,
448,1.243e000,
449,1.006e000,
450,1.065e000,
451,8.288e-001,
452,9.472e-001,
453,7.695e-001,
454,8.288e-001,
455,6.512e-001,
456,7.695e-001,
457,5.920e-001,
458,7.104e-001,
459,5.328e-001,
460,5.920e-001,
461,4.736e-001,
462,5.920e-001,
463,4.144e-001,
464,5.328e-001,
465,3.552e-001,
466,4.736e-001,
467,2.960e-001,
468,4.144e-001,
469,2.368e-001,
470,3.552e-001,
471,1.776e-001,
472,2.960e-001,
473,1.184e-001,
474,2.368e-001,
475,5.920e-002,
476,5.920e-002,
477,1.776e-001,
478,1.184e-001,
479,-5.920e-002,
480,5.920e-002,
481,-5.920e-002,
482,0.000e000,
483,-1.184e-001,
484,-5.920e-002,
485,-1.776e-001,
486,-1.184e-001,
487,-2.368e-001,
488,-2.368e-001,
489,-1.184e-001,
490,-1.776e-001,
491,-2.960e-001,
492,-2.368e-001,
493,-3.552e-001,
494,-2.960e-001,
495,-4.144e-001,
496,-3.552e-001,
497,-5.328e-001,
498,-4.736e-001,
499,-6.512e-001,
500,-5.920e-001,
501,-8.880e-001,
502,-7.695e-001,
503,-1.184e000,
504,-1.065e000,
505,-1.420e000,
506,-1.361e000,
507,-1.716e000,
508,-1.657e000,
509,-1.953e000,
510,-1.835e000,
511,-2.131e000,
512,-2.072e000,
513,-2.368e000,
514,-2.249e000,
515,-2.486e000,
516,-2.427e000,
517,-2.664e000,
518,-2.545e000,
519,-2.782e000,
520,-2.723e000,
521,-2.900e000,
522,-2.841e000,
523,-3.019e000,
524,-2.960e000,
525,-3.196e000,
526,-3.137e000,
527,-3.374e000,
528,-3.315e000,
529,-3.492e000,
530,-3.433e000,
531,-3.552e000,
532,-3.492e000,
533,-3.552e000,
534,-3.552e000,
535,-3.492e000,
536,-3.492e000,
537,-3.552e000,
538,-3.552e000,
539,-3.433e000,
540,-3.552e000,
541,-3.433e000,
542,-3.552e000,
543,-3.433e000,
544,-3.433e000,
545,-3.552e000,
546,-3.492e000,
547,-3.433e000,
548,-3.433e000,
549,-3.492e000,
550,-3.433e000,
551,-3.492e000,
552,-3.433e000,
553,-3.552e000,
554,-3.552e000,
555,-3.433e000,
556,-3.552e000,
557,-3.492e000,
558,-3.492e000,
559,-3.611e000,
560,-3.492e000,
561,-3.611e000,
562,-3.552e000,
563,-3.670e000,
564,-3.611e000,
565,-3.729e000,
566,-3.670e000,
567,-3.788e000,
568,-3.788e000,
569,-3.670e000,
570,-3.729e000,
571,-3.848e000,
572,-3.729e000,
573,-3.907e000,
574,-3.788e000,
575,-3.966e000,
576,-3.848e000,
577,-4.025e000,
578,-3.966e000,
579,-4.144e000,
580,-4.084e000,
581,-4.321e000,
582,-4.203e000,
583,-4.440e000,
584,-4.321e000,
585,-4.558e000,
586,-4.440e000,
587,-4.617e000,
588,-4.558e000,
589,-4.676e000,
590,-4.617e000,
591,-4.736e000,
592,-4.736e000,
593,-4.676e000,
594,-4.736e000,
595,-4.676e000,
596,-4.736e000,
597,-4.617e000,
598,-4.736e000,
599,-4.558e000,
600,-4.676e000,
601,-4.499e000,
602,-4.558e000,
603,-4.380e000,
604,-4.499e000,
605,-4.321e000,
606,-4.380e000,
607,-4.203e000,
608,-4.262e000,
609,-4.084e000,
610,-4.203e000,
611,-4.025e000,
612,-4.084e000,
613,-3.907e000,
614,-3.966e000,
615,-3.848e000,
616,-3.907e000,
617,-3.729e000,
618,-3.848e000,
619,-3.670e000,
620,-3.788e000,
621,-3.670e000,
622,-3.729e000,
623,-3.552e000,
624,-3.670e000,
625,-3.492e000,
626,-3.611e000,
627,-3.433e000,
628,-3.552e000,
629,-3.374e000,
630,-3.492e000,
631,-3.374e000,
632,-3.433e000,
633,-3.315e000,
634,-3.433e000,
635,-3.256e000,
636,-3.256e000,
637,-3.374e000,
638,-3.315e000,
639,-3.196e000,
640,-3.315e000,
641,-3.196e000,
642,-3.256e000,
643,-3.137e000,
644,-3.256e000,
645,-3.137e000,
646,-3.137e000,
647,-3.256e000,
648,-3.256e000,
649,-3.137e000,
650,-3.137e000,
651,-3.256e000,
652,-3.256e000,
653,-3.137e000,
654,-3.256e000,
655,-3.137e000,
656,-3.137e000,
657,-3.256e000,
658,-3.137e000,
659,-3.256e000,
660,-3.196e000,
661,-3.137e000,
662,-3.196e000,
663,-3.078e000,
664,-3.137e000,
665,-3.019e000,
666,-3.078e000,
667,-2.900e000,
668,-2.960e000,
669,-2.782e000,
670,-2.841e000,
671,-2.664e000,
672,-2.723e000,
673,-2.545e000,
674,-2.604e000,
675,-2.368e000,
676,-2.486e000,
677,-2.249e000,
678,-2.308e000,
679,-2.131e000,
680,-2.190e000,
681,-2.012e000,
682,-2.072e000,
683,-1.835e000,
684,-1.953e000,
685,-1.657e000,
686,-1.776e000,
687,-1.480e000,
688,-1.539e000,
689,-1.302e000,
690,-1.361e000,
691,-1.065e000,
692,-1.124e000,
693,-8.288e-001,
694,-8.880e-001,
695,-6.512e-001,
696,-7.695e-001,
697,-5.920e-001,
698,-6.512e-001,
699,-4.736e-001,
700,-5.920e-001,
701,-4.144e-001,
702,-4.736e-001,
703,-3.552e-001,
704,-4.144e-001,
705,-2.960e-001,
706,-4.144e-001,
707,-2.368e-001,
708,-3.552e-001,
709,-1.776e-001,
710,-2.960e-001,
711,-1.184e-001,
712,-2.368e-001,
713,-1.184e-001,
714,-1.776e-001,
715,-5.920e-002,
716,-1.184e-001,
717,0.000e000,
718,-5.920e-002,
719,5.920e-002,
720,0.000e000,
721,1.184e-001,
722,5.920e-002,
723,1.776e-001,
724,1.184e-001,
725,2.368e-001,
726,1.776e-001,
727,2.960e-001,
728,2.368e-001,
729,3.552e-001,
730,2.960e-001,
731,4.144e-001,
732,2.960e-001,
733,4.736e-001,
734,3.552e-001,
735,5.328e-001,
736,4.144e-001,
737,5.328e-001,
738,4.736e-001,
739,5.920e-001,
740,5.328e-001,
741,7.104e-001,
742,5.920e-001,
743,8.288e-001,
744,7.104e-001,
745,9.472e-001,
746,8.880e-001,
747,1.243e000,
748,1.124e000,
749,1.480e000,
750,1.420e000,
751,1.776e000,
752,1.716e000,
753,2.012e000,
754,1.953e000,
755,2.249e000,
756,2.190e000,
757,2.427e000,
758,2.368e000,
759,2.604e000,
760,2.545e000,
761,2.782e000,
762,2.664e000,
763,2.900e000,
764,2.841e000,
765,3.019e000,
766,2.960e000,
767,3.196e000,
768,3.078e000,
769,3.315e000,
770,3.256e000,
771,3.492e000,
772,3.433e000,
773,3.611e000,
774,3.552e000,
775,3.729e000,
776,3.670e000,
777,3.788e000,
778,3.670e000,
779,3.788e000,
780,3.670e000,
781,3.788e000,
782,3.670e000,
783,3.788e000,
784,3.670e000,
785,3.729e000,
786,3.729e000,
787,3.611e000,
788,3.729e000,
789,3.611e000,
790,3.611e000,
791,3.729e000,
792,3.611e000,
793,3.670e000,
794,3.611e000,
795,3.729e000,
796,3.611e000,
797,3.729e000,
798,3.729e000,
799,3.611e000,
800,3.670e000,
801,3.788e000,
802,3.670e000,
803,3.788e000,
804,3.788e000,
805,3.670e000,
806,3.729e000,
807,3.848e000,
808,3.729e000,
809,3.907e000,
810,3.788e000,
811,3.966e000,
812,3.848e000,
813,3.966e000,
814,3.907e000,
815,4.025e000,
816,3.907e000,
817,4.084e000,
818,4.084e000,
819,3.966e000,
820,4.025e000,
821,4.203e000,
822,4.084e000,
823,4.321e000,
824,4.203e000,
825,4.440e000,
826,4.321e000,
827,4.558e000,
828,4.499e000,
829,4.676e000,
830,4.617e000,
831,4.795e000,
832,4.736e000,
833,4.913e000,
834,4.854e000,
835,4.972e000,
836,4.913e000,
837,5.032e000,
838,4.913e000,
839,5.032e000,
840,4.913e000,
841,5.032e000,
842,4.972e000,
843,4.854e000,
844,4.972e000,
845,4.795e000,
846,4.854e000,
847,4.676e000,
848,4.795e000,
849,4.558e000,
850,4.676e000,
851,4.499e000,
852,4.558e000,
853,4.380e000,
854,4.440e000,
855,4.321e000,
856,4.380e000,
857,4.203e000,
858,4.262e000,
859,4.144e000,
860,4.203e000,
861,4.025e000,
862,4.144e000,
863,3.966e000,
864,4.084e000,
865,3.907e000,
866,4.025e000,
867,3.848e000,
868,3.966e000,
869,3.788e000,
870,3.848e000,
871,3.729e000,
872,3.848e000,
873,3.670e000,
874,3.729e000,
875,3.611e000,
876,3.729e000,
877,3.611e000,
878,3.670e000,
879,3.552e000,
880,3.611e000,
881,3.492e000,
882,3.611e000,
883,3.492e000,
884,3.552e000,
885,3.433e000,
886,3.433e000,
887,3.552e000,
888,3.433e000,
889,3.492e000,
890,3.492e000,
891,3.433e000,
892,3.433e000,
893,3.552e000,
894,3.433e000,
895,3.552e000,
896,3.433e000,
897,3.552e000,
898,3.433e000,
899,3.492e000,
900,3.492e000,
901,3.374e000,
902,3.492e000,
903,3.374e000,
904,3.492e000,
905,3.374e000,
906,3.433e000,
907,3.315e000,
908,3.433e000,
909,3.256e000,
910,3.315e000,
911,3.137e000,
912,3.196e000,
913,2.960e000,
914,3.078e000,
915,2.841e000,
916,2.960e000,
917,2.723e000,
918,2.841e000,
919,2.604e000,
920,2.664e000,
921,2.486e000,
922,2.545e000,
923,2.368e000,
924,2.427e000,
925,2.190e000,
926,2.249e000,
927,2.012e000,
928,2.131e000,
929,1.835e000,
930,1.894e000,
931,1.598e000,
932,1.716e000,
933,1.361e000,
934,1.480e000,
935,1.184e000,
936,1.243e000,
937,9.472e-001,
938,1.065e000,
939,8.288e-001,
940,8.880e-001,
941,7.104e-001,
942,8.288e-001,
943,6.512e-001,
944,7.104e-001,
945,5.920e-001,
946,6.512e-001,
947,5.328e-001,
948,6.512e-001,
949,4.736e-001,
950,5.920e-001,
951,4.144e-001,
952,5.328e-001,
953,3.552e-001,
954,4.736e-001,
955,2.960e-001,
956,4.144e-001,
957,2.960e-001,
958,3.552e-001,
959,1.776e-001,
960,2.960e-001,
961,1.184e-001,
962,2.368e-001,
963,5.920e-002,
964,1.776e-001,
965,5.920e-002,
966,1.184e-001,
967,0.000e000,
968,5.920e-002,
969,-5.920e-002,
970,0.000e000,
971,-1.184e-001,
972,-5.920e-002,
973,-1.776e-001,
974,-1.776e-001,
975,-5.920e-002,
976,-1.184e-001,
977,-2.368e-001,
978,-1.776e-001,
979,-2.960e-001,
980,-1.776e-001,
981,-3.552e-001,
982,-2.368e-001,
983,-4.144e-001,
984,-3.552e-001,
985,-4.736e-001,
986,-4.144e-001,
987,-5.920e-001,
988,-5.328e-001,
989,-8.288e-001,
990,-7.695e-001,
991,-1.124e000,
992,-1.006e000,
993,-1.361e000,
994,-1.302e000,
995,-1.657e000,
996,-1.598e000,
997,-1.894e000,
998,-1.835e000,
999,-2.072e000,
1000,-2.012e000,
1001,-2.308e000,
1002,-2.190e000,
1003,-2.486e000,
1004,-2.368e000,
1005,-2.604e000,
1006,-2.545e000,
1007,-2.723e000,
1008,-2.664e000,
1009,-2.900e000,
1010,-2.782e000,
1011,-3.019e000,
1012,-2.960e000,
1013,-3.196e000,
1014,-3.137e000,
1015,-3.374e000,
1016,-3.315e000,
1017,-3.492e000,
1018,-3.433e000,
1019,-3.611e000,
1020,-3.611e000,
1021,-3.492e000,
1022,-3.611e000,
1023,-3.492e000,
1024,-3.611e000,
1025,-3.492e000,
1026,-3.611e000,
1027,-3.492e000,
1028,-3.611e000,
1029,-3.492e000,
1030,-3.611e000,
1031,-3.492e000,
1032,-3.492e000,
1033,-3.611e000,
1034,-3.492e000,
1035,-3.611e000,
1036,-3.552e000,
1037,-3.492e000,
1038,-3.492e000,
1039,-3.611e000,
1040,-3.492e000,
1041,-3.611e000,
1042,-3.492e000,
1043,-3.670e000,
1044,-3.552e000,
1045,-3.670e000,
1046,-3.552e000,
1047,-3.729e000,
1048,-3.611e000,
1049,-3.729e000,
1050,-3.670e000,
1051,-3.788e000,
1052,-3.729e000,
1053,-3.848e000,
1054,-3.788e000,
1055,-3.907e000,
1056,-3.788e000,
1057,-3.966e000,
1058,-3.848e000,
1059,-3.966e000,
1060,-3.907e000,
1061,-4.025e000,
1062,-3.966e000,
1063,-4.144e000,
1064,-4.025e000,
1065,-4.203e000,
1066,-4.144e000,
1067,-4.380e000,
1068,-4.321e000,
1069,-4.499e000,
1070,-4.440e000,
1071,-4.676e000,
1072,-4.558e000,
1073,-4.795e000,
1074,-4.736e000,
1075,-4.913e000,
1076,-4.795e000,
1077,-4.972e000,
1078,-4.854e000,
1079,-4.972e000,
1080,-4.972e000,
1081,-4.913e000,
1082,-4.972e000,
1083,-4.854e000,
1084,-4.972e000,
1085,-4.854e000,
1086,-4.913e000,
1087,-4.736e000,
1088,-4.795e000,
1089,-4.617e000,
1090,-4.736e000,
1091,-4.499e000,
1092,-4.617e000,
1093,-4.380e000,
1094,-4.499e000,
1095,-4.321e000,
1096,-4.380e000,
1097,-4.203e000,
1098,-4.321e000,
1099,-4.144e000,
1100,-4.203e000,
1101,-4.025e000,
1102,-4.144e000,
1103,-3.966e000,
1104,-4.084e000,
1105,-3.907e000,
1106,-4.025e000,
1107,-3.848e000,
1108,-3.966e000,
1109,-3.788e000,
1110,-3.848e000,
1111,-3.729e000,
1112,-3.788e000,
1113,-3.670e000,
1114,-3.729e000,
1115,-3.611e000,
1116,-3.670e000,
1117,-3.552e000,
1118,-3.670e000,
1119,-3.492e000,
1120,-3.611e000,
1121,-3.492e000,
1122,-3.552e000,
1123,-3.433e000,
1124,-3.433e000,
1125,-3.552e000,
1126,-3.492e000,
1127,-3.374e000,
1128,-3.492e000,
1129,-3.374e000,
1130,-3.492e000,
1131,-3.374e000,
1132,-3.492e000,
1133,-3.374e000,
1134,-3.492e000,
1135,-3.433e000,
1136,-3.433e000,
1137,-3.492e000,
1138,-3.492e000,
1139,-3.433e000,
1140,-3.492e000,
1141,-3.374e000,
1142,-3.492e000,
1143,-3.374e000,
1144,-3.492e000,
1145,-3.374e000,
1146,-3.433e000,
1147,-3.256e000,
1148,-3.374e000,
1149,-3.196e000,
1150,-3.256e000,
1151,-3.019e000,
1152,-3.078e000,
1153,-2.900e000,
1154,-2.960e000,
1155,-2.723e000,
1156,-2.782e000,
1157,-2.604e000,
1158,-2.664e000,
1159,-2.427e000,
1160,-2.545e000,
1161,-2.249e000,
1162,-2.368e000,
1163,-2.072e000,
1164,-2.190e000,
1165,-1.894e000,
1166,-2.012e000,
1167,-1.716e000,
1168,-1.776e000,
1169,-1.480e000,
1170,-1.539e000,
1171,-1.184e000,
1172,-1.302e000,
1173,-9.472e-001,
1174,-1.006e000,
1175,-7.695e-001,
1176,-8.288e-001,
1177,-5.920e-001,
1178,-7.104e-001,
1179,-5.328e-001,
1180,-5.920e-001,
1181,-4.144e-001,
1182,-5.328e-001,
1183,-3.552e-001,
1184,-4.736e-001,
1185,-2.960e-001,
1186,-4.144e-001,
1187,-2.368e-001,
1188,-3.552e-001,
1189,-1.776e-001,
1190,-2.960e-001,
1191,-1.184e-001,
1192,-2.368e-001,
1193,-5.920e-002,
1194,-1.776e-001,
1195,0.000e000,
1196,-1.184e-001,
1197,5.920e-002,
1198,-5.920e-002,
1199,1.184e-001,
1200,5.920e-002,
1201,1.776e-001,
1202,5.920e-002,
1203,2.368e-001,
1204,1.776e-001,
1205,2.960e-001,
1206,1.776e-001,
1207,3.552e-001,
1208,2.368e-001,
1209,4.144e-001,
1210,2.960e-001,
1211,4.736e-001,
1212,3.552e-001,
1213,4.736e-001,
1214,4.144e-001,
1215,5.328e-001,
1216,4.736e-001,
1217,5.920e-001,
1218,5.328e-001,
1219,6.512e-001,
1220,5.920e-001,
1221,7.695e-001,
1222,7.104e-001,
1223,9.472e-001,
1224,8.288e-001,
1225,1.184e000,
1226,1.065e000,
1227,1.480e000,
1228,1.361e000,
1229,1.716e000,
1230,1.657e000,
1231,2.012e000,
1232,1.894e000,
1233,2.249e000,
1234,2.190e000,
1235,2.427e000,
1236,2.368e000,
1237,2.604e000,
1238,2.486e000,
1239,2.723e000,
1240,2.664e000,
1241,2.900e000,
1242,2.782e000,
1243,3.019e000,
1244,2.900e000,
1245,3.137e000,
1246,3.078e000,
1247,3.315e000,
1248,3.196e000,
1249,3.433e000,
1250,3.374e000,
1251,3.611e000,
1252,3.492e000,
1253,3.670e000,
1254,3.611e000,
1255,3.729e000,
1256,3.670e000,
1257,3.729e000,
1258,3.670e000,
1259,3.729e000,
1260,3.729e000,
1261,3.611e000,
1262,3.729e000,
1263,3.611e000,
1264,3.611e000,
1265,3.729e000,
1266,3.611e000,
1267,3.729e000,
1268,3.611e000,
1269,3.729e000,
1270,3.670e000,
1271,3.552e000,
1272,3.670e000,
1273,3.552e000,
1274,3.611e000,
1275,3.670e000,
1276,3.611e000,
1277,3.729e000,
1278,3.611e000,
1279,3.729e000,
1280,3.670e000,
1281,3.729e000,
1282,3.670e000,
1283,3.788e000,
1284,3.788e000,
1285,3.670e000,
1286,3.729e000,
1287,3.848e000,
1288,3.788e000,
1289,3.907e000,
1290,3.848e000,
1291,3.966e000,
1292,3.907e000,
1293,4.025e000,
1294,3.907e000,
1295,4.084e000,
1296,3.966e000,
1297,4.084e000,
1298,3.966e000,
1299,4.144e000,
1300,4.025e000,
1301,4.262e000,
1302,4.144e000,
1303,4.380e000,
1304,4.321e000,
1305,4.499e000,
1306,4.440e000,
1307,4.676e000,
1308,4.617e000,
1309,4.795e000,
1310,4.736e000,
1311,4.913e000,
1312,4.854e000,
1313,5.032e000,
1314,4.913e000,
1315,5.091e000,
1316,4.972e000,
1317,5.091e000,
1318,5.032e000,
1319,5.091e000,
1320,5.091e000,
1321,4.972e000,
1322,5.091e000,
1323,4.913e000,
1324,5.032e000,
1325,4.854e000,
1326,4.913e000,
1327,4.736e000,
1328,4.854e000,
1329,4.676e000,
1330,4.736e000,
1331,4.558e000,
1332,4.676e000,
1333,4.499e000,
1334,4.558e000,
1335,4.380e000,
1336,4.440e000,
1337,4.321e000,
1338,4.380e000,
1339,4.262e000,
1340,4.321e000,
1341,4.203e000,
1342,4.321e000,
1343,4.144e000,
1344,4.203e000,
1345,4.084e000,
1346,4.144e000,
1347,4.025e000,
1348,4.084e000,
1349,3.907e000,
1350,4.025e000,
1351,3.907e000,
1352,3.966e000,
1353,3.848e000,
1354,3.966e000,
1355,3.788e000,
1356,3.907e000,
1357,3.788e000,
1358,3.848e000,
1359,3.729e000,
1360,3.848e000,
1361,3.670e000,
1362,3.788e000,
1363,3.670e000,
1364,3.670e000,
1365,3.788e000,
1366,3.670e000,
1367,3.729e000,
1368,3.670e000,
1369,3.788e000,
1370,3.670e000,
1371,3.788e000,
1372,3.670e000,
1373,3.729e000,
1374,3.670e000,
1375,3.729e000,
1376,3.729e000,
1377,3.670e000,
1378,3.729e000,
1379,3.611e000,
1380,3.611e000,
1381,3.729e000,
1382,3.670e000,
1383,3.492e000,
1384,3.552e000,
1385,3.374e000,
1386,3.433e000,
1387,3.256e000,
1388,3.315e000,
1389,3.078e000,
1390,3.196e000,
1391,2.960e000,
1392,3.019e000,
1393,2.782e000,
1394,2.900e000,
1395,2.664e000,
1396,2.723e000,
1397,2.486e000,
1398,2.604e000,
1399,2.308e000,
